<?xml version="1.0" encoding="UTF-8"?>
<configuration>

    <property name="LOGS" value="./logs" />

    <appender name="Console"
              class="ch.qos.logback.core.ConsoleAppender">
        <layout class="ch.qos.logback.classic.PatternLayout">
            <Pattern>
                %-5level [%thread] %logger{32} - %msg%n
            </Pattern>
        </layout>
    </appender>

    <!-- LOG everything at INFO level -->
    <root level="info">
        <appender-ref ref="Console" />
    </root>

</configuration>